Workbook

Sheet READ ME FIRST
A1: SDLC Agent Productivity Tracker · Setup & Orientation
A2: Read this sheet first. Then fill Team Registry. Then enter data weekly in Data Input.
A3: WHAT THIS FILE DOES
A4: Purpose | B4: Tracks productivity gain from using SDLC AI agents. You enter raw numbers from GitHub, JIRA and SonarQube once a week. All WoW comparisons and charts are automatic. | C4: Takes ~15 minutes every Monday morning once set up.
A5: Who enters data | B5: One team member (the Data Collector) fills in the Data Input sheet each week. They collect numbers from all three tools and paste them in one row. | C5: Rotate this role monthly if preferred.
A6: What you get | B6: Automatic week-over-week % changes for 20+ metrics, 6 auto-updating charts, KPI dashboard tiles, and a team productivity comparison showing agent users vs non-users. | C6: All formulas pre-built — you only ever type in Data Input.
A7: THE 5 SHEETS — WHAT EACH ONE IS FOR
A8: READ ME FIRST | B8: This sheet. Orientation only — do not enter data here.
A9: Team Registry | B9: Enter your team members ONCE. Mark who uses agents (Y) and who does not (N). The Dashboard uses this to split productivity comparisons. | C9: Fill this before your first Data Input row.
A10: Data Input | B10: The ONLY sheet the Data Collector fills in each week. One row per week. All other sheets pull from here automatically. | C10: Columns are colour-coded by source tool.
A11: WoW Analysis | B11: Auto-calculated. Shows % change vs prior week for every metric. Green = improvement, Red = regression. Do not edit.
A12: Dashboard | B12: Auto-updated KPI tiles and 6 charts. Refresh by pressing Ctrl+Alt+F9 (Excel) or Data → Refresh All.
A13: Collection Guide | B13: Field-by-field instructions: where to click in GitHub, JIRA, SonarQube and how to collect agent logs. Print this out for the Data Collector.
A14: HOW PARTIAL TEAM ADOPTION WORKS (e.g. 3 out of 10 using agents)
A15: Problem: If only 3 of your 10 developers use the SDLC agents, total team metrics (story points, PRs, bugs) will be diluted by the 7 who don't. This makes the agents look less effective than they are. Solution: In Team Registry, mark each person as Agent User (Y) or Non-User (N). Then in Data Input, the Data Collector enters story points and tasks SEPARATELY for each group (two JQL queries in JIRA — one filtered to agent users, one to non-users). The Dashboard then shows a side-by-side comparison so you can see the true per-person productivity lift.
A16: Agent Users group | B16: Story points done this week by the people who ARE using agents. JIRA JQL: project=X AND status=Done AND assignee in (Alice,Bob,Carol) DURING (dates) | C16: Sum their story points
A17: Non-Users group | B17: Story points done this week by people who are NOT using agents. JIRA JQL: same query but assignee in (Dave,Eve,Frank,Grace,Henry,Ivan,Jane) | C17: Sum their story points
A18: Per-person average | B18: Dashboard divides each group's total by headcount automatically. This gives you avg SP per person per week — the fairest apples-to-apples comparison. | C18: Key metric to watch WoW
A19: Productivity lift % | B19: Calculated as: (Agent group avg SP − Non-user group avg SP) / Non-user group avg SP × 100. This is the headline number you show leadership to prove agent ROI. | C19: Auto-calculated in Dashboard
A20: QUICK START — DO THESE IN ORDER
A21: Step 1 | B21: Fill Team Registry sheet — list every developer, mark Y/N for agent use | C21: One-time setup, 2 minutes
A22: Step 2 | B22: Read Collection Guide sheet — print it out for the Data Collector | C22: One-time
A23: Step 3 | B23: Do your first data collection from GitHub, JIRA, SonarQube | C23: Monday morning, ~15 min
A24: Step 4 | B24: Enter one row in Data Input — overwrite the sample data in row 6 with your real W14 data
A25: Step 5 | B25: Check WoW Analysis and Dashboard | C25: Results are instant
A26: Step 6 | B26: Repeat Steps 3-5 every Monday | C26: After 4 weeks, trends become meaningful

Sheet Team Registry
A1: Team Registry · Fill this once before your first data entry week
A2: List EVERY team member below. Set 'Uses Agents?' to Y or N. The Dashboard uses headcounts from rows 3-4 to calculate per-person averages automatically.
A3: TEAM SUMMARY → | B3: =COUNTA(B5:B34) -> 10 | C3: =COUNTIF(F5:F34,"Y") -> 3 | D3: =COUNTIF(F5:F34,"N") -> 7 | E3: =IFERROR(C3/B3,0) -> 0.3
A4: # | B4: First Name | C4: Last Name | D4: Role / Title | E4: Team / Squad | F4: Uses Agents? (Y/N) | G4: Notes
A5: 1 | B5: Alice | C5: Chen | D5: Senior Backend Engineer | E5: Platform | F5: Y | G5: Agent user since W14
A6: 2 | B6: Bob | C6: Patel | D6: Frontend Engineer | E6: Platform | F6: Y | G6: Agent user since W14
A7: 3 | B7: Carol | C7: Smith | D7: QA Automation Engineer | E7: Platform | F7: Y | G7: Agent user since W15
A8: 4 | B8: Dave | C8: Johnson | D8: Backend Engineer | E8: Platform | F8: N
A9: 5 | B9: Eve | C9: Williams | D9: Frontend Engineer | E9: Mobile | F9: N
A10: 6 | B10: Frank | C10: Brown | D10: DevOps Engineer | E10: Infra | F10: N
A11: 7 | B11: Grace | C11: Davis | D11: Backend Engineer | E11: Mobile | F11: N
A12: 8 | B12: Henry | C12: Wilson | D12: QA Engineer | E12: Mobile | F12: N
A13: 9 | B13: Ivan | C13: Moore | D13: Frontend Engineer | E13: Platform | F13: N
A14: 10 | B14: Jane | C14: Taylor | D14: Product Manager | E14: All | F14: N
A15: 11
A16: 12
A17: 13
A18: 14
A19: 15
A20: 16
A21: 17
A22: 18
A23: 19
A24: 20
A25: 21
A26: 22
... A34: 30

Sheet Collection Guide
A1: Data Collection Guide · Step-by-step instructions for the Data Collector
A2: Print this sheet and keep it on your desk. Every Monday morning, follow each row in order. Total time: ~15 minutes once you know where to look.
A3: # | B3: Field Name (Data Input column) | C3: Source Tool | D3: Exact Steps — Where to Click | E3: What to Enter in Data Input | F3: Time / Frequency
A4: GITHUB · Columns D–H in Data Input
A5: G1 | B5: PRs Merged (col D) | C5: GitHub | D5: 1. Go to your repo on GitHub 2. Click Insights tab (top nav) 3. Click Pulse on the left sidebar 4. Set date range: 'Last week' (Mon–Sun) 5. Read the number next to 'Merged pull requests' | E5: Type the number directly. Example: 12 | F5: Weekly · 1 min
A6: G2 | B6: Avg PR Age (col E) | C6: GitHub | D6: 1. Go to repo → Pull Requests → Closed tab 2. Filter by date: merged last week 3. For each merged PR note: Created date vs Merged date 4. Calculate days open for each PR 5. Average them | E6: Enter average days open. Example: 1.8 (If 3 PRs: 1 day + 2 days + 2.5 days = 5.5 ÷ 3 = 1.83) | F6: Weekly · 5 min
A7: G3 | B7: Total Commits (col F) | C7: GitHub | D7: 1. Repo → Insights → Contributors 2. Scroll to the weekly bar chart 3. Find the column for last week 4. Hover over it — the tooltip shows total commits | E7: Type total commits across all contributors. Example: 57 | F7: Weekly · 1 min
A8: G4 | B8: Failed CI Runs (col G) | C8: GitHub | D8: 1. Repo → Actions tab 2. Filter by: Last 7 days (date picker top-left) 3. Look for runs with a red ✗ (failed status) 4. Count them manually (Tip: filter by workflow name if you have multiple workflows) | E8: Count of failed pipeline runs. Example: 1 If none failed, enter 0 | F8: Weekly · 2 min
A9: G5 | B9: Review Pass Rate (col H) | C9: GitHub | D9: 1. Repo → Insights → Pulse 2. Under 'Pull Requests', note how many PRs were merged 3. Repo → Pull Requests → Closed → filter last week 4. For each merged PR click in and check: was it APPROVED on first review or did it get changes-requested first? 5. Formula: (Approved first time ÷ Total merged) × 100 | E9: Enter as a percentage. Example: 94 (means 94% of PRs were approved without needing rework) | F9: Weekly · 3 min
A10: JIRA · Columns I–N in Data Input
A11: J1 | B11: Tasks Completed (col I) | C11: JIRA | D11: 1. JIRA → your project → Issues (top nav) 2. Switch to Advanced search (JQL) 3. Paste: project=YOURPROJECT AND status changed to Done DURING ("2026-04-14","2026-04-20") (change dates to last Mon–Sun) 4. Read the total count shown top-right of results | E11: Total number of issues (Stories + Tasks) completed. Example: 34 | F11: Weekly · 2 min
A12: J2 | B12: Story Points (ALL team) (col J) | C12: JIRA | D12: 1. Run same JQL as above (all Done issues) 2. Click Export → Export Excel CSV (all fields) 3. Open CSV in Excel 4. Find column 'customfield_10016' (or 'Story Points') 5. SUM that column ALT: Reports → Velocity Chart → read Completed column for current sprint | E12: Total story points completed by entire team this week. Example: 78 (This is the whole-team number — you will split by agent/non-agent in cols K–N) | F12: Weekly · 3 min
A13: J3 | B13: SP — Agent Users (col K) | C13: JIRA | D13: 1. Same JQL but add assignee filter: project=X AND status changed to Done AND assignee in (Alice,Bob,Carol) DURING (dates) (Replace names with your agent users from Team Registry column B) 2. Export CSV → SUM story points column | E13: Story points completed ONLY by team members who use agents. Example: 47 (This will be HIGHER per person than non-users if agents are helping) | F13: Weekly · 2 min
A14: J4 | B14: SP — Non-Users (col L) | C14: JIRA | D14: 1. Same JQL but assignee filter for NON-users: project=X AND status changed to Done AND assignee in (Dave,Eve,Frank,Grace,Henry,Ivan,Jane) DURING (dates) 2. Export CSV → SUM story points | E14: Story points completed ONLY by team members who do NOT use agents. Example: 31 | F14: Weekly · 2 min
A15: J5 | B15: Bugs Created (col M) | C15: JIRA | D15: 1. JIRA → Issues → Advanced search 2. Paste: project=X AND issuetype=Bug AND created>="2026-04-14" AND created<="2026-04-20" 3. Read the total count top-right | E15: Number of bugs reported this week across the whole team. Example: 2 Lower is better — shows agents catching issues earlier | F15: Weekly · 1 min
A16: J6 | B16: Avg Resolution hrs (col N) | C16: JIRA | D16: 1. From your Done issues export (col J steps above) 2. In Excel: add a column = (Resolved date - Created date) × 24 3. AVERAGE that column | E16: Average hours from ticket creation to Done. Example: 9.3 Watch this go down as agents speed up implementation | F16: Weekly · 3 min
A17: SONARQUBE · Columns O–T in Data Input
A18: S1 | B18: Line Coverage % (col O) | C18: SonarQube | D18: 1. Log in to SonarQube or SonarCloud 2. Click your project name 3. You land on Overview — large number tiles 4. Find the 'Coverage' tile (top section) 5. Read the percentage | E18: Coverage percentage. Example: 87 (Do not include the % sign — just the number) Target from your config: ≥80% | F18: Weekly · 30 sec
A19: S2 | B19: Branch Coverage % (col P) | C19: SonarQube | D19: 1. Same Overview page 2. Click the 'Coverage' tile to open detail 3. You will see both Line Coverage and Branch Coverage broken out | E19: Branch coverage percentage. Example: 84 This is often 2-5% lower than line coverage — that's normal | F19: Weekly · 30 sec
A20: S3 | B20: Sonar Bugs (col Q) | C20: SonarQube | D20: 1. Project Overview page 2. Look at the 'Reliability' section (circle with a number) 3. That number is the current open bug count | E20: Number shown in Reliability circle. Example: 0 This is cumulative — watch the trend, not just the number | F20: Weekly · 30 sec
A21: S4 | B21: Vulnerabilities (col R) | C21: SonarQube | D21: 1. Project Overview page 2. Look at the 'Security' section 3. Read the Vulnerabilities number (NOT Security Hotspots — that's separate) | E21: Number of open vulnerabilities. Example: 0 | F21: Weekly · 30 sec
A22: S5 | B22: Code Smells (col S) | C22: SonarQube | D22: 1. Project Overview page 2. Look at the 'Maintainability' section 3. Read the Code Smells number | E22: Number of code smells. Example: 14 This should decrease as @code-reviewer and agents enforce standards | F22: Weekly · 30 sec
A23: S6 | B23: Security Hotspots (col T) | C23: SonarQube | D23: 1. Project Overview page 2. Below the Security section find 'Security Hotspots' 3. Read the number ALT: Click Security Hotspots tab (top nav in project) and count 'To Review' | E23: Number of security hotspots to review. Example: 0 | F23: Weekly · 30 sec
A24: S7 | B24: Quality Gate (col U) | C24: SonarQube | D24: 1. Project Overview page — very top 2. You will see a large green 'PASSED' or red 'FAILED' badge | E24: Type exactly: PASS or FAIL (No other values — must be one of these two) | F24: Weekly · 5 sec
A25: AGENT LOGS · Columns V–AF in Data Input · Collect from each agent-user's machine
A26: A1 | B26: Total Invocations (col V) | C26: VS Code Extension | D26: Each developer using agents has a file: .github/agent-memory/usage-log.jsonl 1. Ask each agent user to share this file (Slack/email) by end of Sunday 2. Open each JSONL file in a text editor 3. Count lines where the 'week' field matches your target week (e.g. grep -c '"week":"2026-W17"' usage-log.jsonl) 4. Sum across all agent users | E26: Total invocations across all agent users this week. Example: 94 | F26: Weekly · 3 min
A27: A2 | B27: Per-Agent counts (cols W–AF) | C27: VS Code Extension | D27: From the same JSONL files: 1. Filter lines for this week 2. Group by the 'agent' field 3. Count per agent name Quick command (Mac/Linux): grep '2026-W17' usage-log.jsonl | grep -o '"agent":"[^"]*"' | sort | uniq -c For Windows (PowerShell): Get-Content usage-log.jsonl | Select-String '2026-W17' | Select-String -Pattern '"agent":"([^"]+)"' | ... Or simply: ask devs to copy-paste their agent tallies into a shared doc | E27: Fill one column per agent type. If an agent wasn't used, enter 0. Orchestrator (col W), Backend (X), Frontend (Y), QA (Z), Security (AA), Reviewer (AB), DevOps (AC), PM (AD), Performance (AE), Other (AF) | F27: Weekly · 5 min
A28: TIPS & COMMON MISTAKES
A29: 💡 | B29: Story points field | C29: JIRA's story points field varies by instance. If you don't see 'customfield_10016' in the CSV, sort the CSV headers and look for any column with numeric values 1,2,3,5,8,13. That's likely story points. Confirm by checking 1-2 known tickets.
A30: 💡 | B30: Quality Gate = FAIL | C30: If SonarQube shows FAILED, still enter all the metric numbers. The gate status is a separate column. Don't skip the row.
A31: 💡 | B31: New team member joins | C31: Update Team Registry immediately. Update your JIRA assignee lists in the two group JQL queries for next collection.
A32: 💡 | B32: Someone starts using agents mid-week | C32: Count their logs from the day they started. Note it in the Notes column in Team Registry.
A33: 💡 | B33: Forgot to collect on Monday | C33: Collect Tuesday — the data doesn't expire. Just enter the week label correctly (e.g. 2026-W17 even if collected Wednesday).
A34: 💡 | B34: Agent user's JSONL missing | C34: They may not have triggered the log write yet. Check the file path: .github/agent-memory/usage-log.jsonl in their local repo clone. If missing, enter 0 and ask them to check the extension is installed and activated.

Sheet Data Input
A1: Data Input · One row per week · This is the ONLY sheet you fill in
A2: Columns are colour-coded by source tool: GREY=week info GREEN=GitHub AMBER=JIRA TEAL=Team Comparison (agent vs non-user) PURPLE=SonarQube BLUE=Agent logs · See Collection Guide sheet for step-by-step instructions on every field
A3: WEEK INFO | D3: GITHUB | I3: JIRA | O3: TEAM COMPARISON | Q3: SONARQUBE | X3: AGENT LOGS
A5: Week (ISO format) | B5: Week Start Date | C5: Week End Date | D5: PRs Merged | E5: Avg PR Age (days) | F5: Total Commits | G5: Failed CI Runs | H5: Review Pass Rate % | I5: Tasks Completed | J5: Story Pts (Whole Team) | K5: Story Pts (Agent Users) | L5: Story Pts (Non-Users) | M5: Bugs Created | N5: Avg Resol. (hrs) | O5: Line Coverage % | P5: Branch Coverage % | Q5: Sonar Bugs | R5: Vulner- abilities | S5: Code Smells | T5: Security Hotspots | U5: Quality Gate (PASS/FAIL) | V5: Total Invocations | W5: Orchestrator | X5: Backend Eng. | Y5: Frontend Eng. | Z5: QA Automation | AA5: Security Arch. | AB5: Code Reviewer | AC5: DevOps Eng. | AD5: Project Mgr. | AE5: Performance Eng. | AF5: Other Agents
A6: 2026-W14 | B6: 2026-04-07 | C6: 2026-04-13 | D6: 8 | E6: 2.1 | F6: 34 | G6: 3 | H6: 88 | I6: 18 | J6: 42 | K6: 5 | L6: 3 | M6: 2 | N6: 6 | O6: 12 | P6: 6.2 | Q6: 71 | R6: 68 | S6: 4 | T6: 3 | U6: 28 | V6: 2 | W6: PASS | X6: 42 | Y6: 8 | Z6: 10 | AA6: 7 | AB6: 5 | AC6: 2 | AD6: 6 | AE6: 3 | AF6: 3 | AG6: 2 | AH6: 2
A7: 2026-W15 | B7: 2026-04-14 | C7: 2026-04-20 | D7: 12 | E7: 1.8 | F7: 48 | G7: 2 | H7: 91 | I7: 27 | J7: 61 | K7: 3 | L7: 2 | M7: 1 | N7: 7 | O7: 20 | P7: 5.8 | Q7: 75 | R7: 72 | S7: 2 | T7: 2 | U7: 22 | V7: 1 | W7: PASS | X7: 61 | Y7: 12 | Z7: 14 | AA7: 10 | AB7: 7 | AC7: 3 | AD7: 9 | AE7: 4 | AF7: 4 | AG7: 3 | AH7: 3
A8: 2026-W16 | B8: 2026-04-21 | C8: 2026-04-27 | D8: 15 | E8: 1.5 | F8: 57 | G8: 1 | H8: 94 | I8: 34 | J8: 78 | K8: 2 | L8: 1 | M8: 1 | N8: 9 | O8: 25 | P8: 5.1 | Q8: 81 | R8: 78 | S8: 1 | T8: 1 | U8: 18 | V8: 1 | W8: PASS | X8: 78 | Y8: 15 | Z8: 18 | AA8: 13 | AB8: 10 | AC8: 5 | AD8: 11 | AE8: 5 | AF8: 5 | AG8: 4 | AH8: 4
A9: 2026-W17 | B9: 2026-04-28 | C9: 2026-05-04 | D9: 19 | E9: 1.2 | F9: 68 | G9: 0 | H9: 97 | I9: 41 | J9: 94 | K9: 1 | L9: 1 | M9: 0 | N9: 12 | O9: 29 | P9: 4.3 | Q9: 87 | R9: 84 | S9: 0 | T9: 0 | U9: 14 | V9: 0 | W9: PASS | X9: 94 | Y9: 18 | Z9: 22 | AA9: 16 | AB9: 13 | AC9: 6 | AD9: 14 | AE9: 6 | AF9: 6 | AG9: 5 | AH9: 5
A10: 2026-W18
A11: 2026-W19
A12: 2026-W20
A13: 2026-W21
A14: 2026-W22
A15: 2026-W23
A16: 2026-W24
A17: 2026-W25
A18: 2026-W26
A19: 2026-W27
A20: 2026-W28
A21: 2026-W29
... A25: 2026-W33

Sheet WoW Analysis
A1: Week-over-Week % Change · Green = improvement · Red = regression · Auto-calculated — do not edit
A2: For 'lower is better' metrics (bugs, smells, PR age, resolution time, vulnerabilities), a negative raw change is shown as POSITIVE here (green) because reducing them is good. Prod. Lift % = how much more output agent users produce per person vs non-users.
A3: Week | B3: PRs Merged (↑ good) | C3: PR Age (days) (↓ good) | D3: Commits (↑ good) | E3: Failed CI (↓ good) | F3: Review Pass % (↑ good) | G3: Tasks Done (↑ good) | H3: Story Pts (All) (↑ good) | I3: SP Agent Users (↑ good) | J3: SP Non-Users (↑ good) | K3: Productivity Lift % ★ (↑ good) | L3: Bugs Created (↓ good) | M3: Avg Resol hrs (↓ good) | N3: Line Cov % (↑ good) | O3: Branch Cov % (↑ good) | P3: Sonar Bugs (↓ good) | Q3: Vulns (↓ good) | R3: Code Smells (↓ good) | S3: Invocations (↑ good) | T3: Est Hrs Saved (↑ good)
A4: ='Data Input'!A6 -> 2026-W14 | B4: BASE | C4: BASE | D4: BASE | E4: BASE | F4: BASE | G4: BASE | H4: BASE | I4: BASE | J4: BASE | K4: BASE | L4: BASE | M4: BASE | N4: BASE | O4: BASE | P4: BASE | Q4: BASE | R4: BASE | S4: BASE | T4: BASE
A5: ='Data Input'!A7 -> 2026-W15 | B5: =IFERROR(('Data Input'!D7-'Data Input'!D6)/'Data Input'!D6*100,"") -> 50 | C5: =IFERROR(('Data Input'!E6-'Data Input'!E7)/'Data Input'!E6*100,"") -> 14.285714 | D5: =IFERROR(('Data Input'!F7-'Data Input'!F6)/'Data Input'!F6*100,"") -> 41.176471 | E5: =IFERROR(('Data Input'!G6-'Data Input'!G7)/'Data Input'!G6*100,"") -> 33.333333 | F5: =IFERROR(('Data Input'!H7-'Data Input'!H6)/'Data Input'!H6*100,"") -> 3.4090909 | G5: =IFERROR(('Data Input'!I7-'Data Input'!I6)/'Data Input'!I6*100,"") -> 50 | H5: =IFERROR(('Data Input'!J7-'Data Input'!J6)/'Data Input'!J6*100,"") -> 45.238095 | I5: =IFERROR(('Data Input'!K7-'Data Input'!K6)/'Data Input'!K6*100,"") -> -40 | J5: =IFERROR(('Data Input'!L7-'Data Input'!L6)/'Data Input'!L6*100,"") -> -33.333333 | K5: =IFERROR((('Data Input'!K7/'Team Registry'!C3)-('Data Input'!L7/'Team Registry'!D3))/('Data Input'!L7/'Team Registry'!D3)*100,"") -> 250 | L5: =IFERROR(('Data Input'!M6-'Data Input'!M7)/'Data Input'!M6*100,"") -> 50 | M5: =IFERROR(('Data Input'!N6-'Data Input'!N7)/'Data Input'!N6*100,"") -> -16.666667 | N5: =IFERROR(('Data Input'!O7-'Data Input'!O6)/'Data Input'!O6*100,"") -> 66.666667 | O5: =IFERROR(('Data Input'!P7-'Data Input'!P6)/'Data Input'!P6*100,"") -> -6.4516129 | P5: =IFERROR(('Data Input'!Q6-'Data Input'!Q7)/'Data Input'!Q6*100,"") -> -5.6338028 | Q5: =IFERROR(('Data Input'!R6-'Data Input'!R7)/'Data Input'!R6*100,"") -> -5.8823529 | R5: =IFERROR(('Data Input'!S6-'Data Input'!S7)/'Data Input'!S6*100,"") -> 50 | S5: =IFERROR(('Data Input'!V7-'Data Input'!V6)/'Data Input'!V6*100,"") -> -50 | T5: =IFERROR(('Data Input'!V7*1.5-'Data Input'!V6*1.5)/'Data Input'!V6/1.5*100,"") -> -50
A6: ='Data Input'!A8 -> 2026-W16 | B6: =IFERROR(('Data Input'!D8-'Data Input'!D7)/'Data Input'!D7*100,"") -> 25 | C6: =IFERROR(('Data Input'!E7-'Data Input'!E8)/'Data Input'!E7*100,"") -> 16.666667 | D6: =IFERROR(('Data Input'!F8-'Data Input'!F7)/'Data Input'!F7*100,"") -> 18.75 | E6: =IFERROR(('Data Input'!G7-'Data Input'!G8)/'Data Input'!G7*100,"") -> 50 | F6: =IFERROR(('Data Input'!H8-'Data Input'!H7)/'Data Input'!H7*100,"") -> 3.2967033 | G6: =IFERROR(('Data Input'!I8-'Data Input'!I7)/'Data Input'!I7*100,"") -> 25.925926 | H6: =IFERROR(('Data Input'!J8-'Data Input'!J7)/'Data Input'!J7*100,"") -> 27.868852 | I6: =IFERROR(('Data Input'!K8-'Data Input'!K7)/'Data Input'!K7*100,"") -> -33.333333 | J6: =IFERROR(('Data Input'!L8-'Data Input'!L7)/'Data Input'!L7*100,"") -> -50 | K6: =IFERROR((('Data Input'!K8/'Team Registry'!C3)-('Data Input'!L8/'Team Registry'!D3))/('Data Input'!L8/'Team Registry'!D3)*100,"") -> 366.66667 | L6: =IFERROR(('Data Input'!M7-'Data Input'!M8)/'Data Input'!M7*100,"") -> 0 | M6: =IFERROR(('Data Input'!N7-'Data Input'!N8)/'Data Input'!N7*100,"") -> -28.571429 | N6: =IFERROR(('Data Input'!O8-'Data Input'!O7)/'Data Input'!O7*100,"") -> 25 | O6: =IFERROR(('Data Input'!P8-'Data Input'!P7)/'Data Input'!P7*100,"") -> -12.068966 | P6: =IFERROR(('Data Input'!Q7-'Data Input'!Q8)/'Data Input'!Q7*100,"") -> -8 | Q6: =IFERROR(('Data Input'!R7-'Data Input'!R8)/'Data Input'!R7*100,"") -> -8.3333333 | R6: =IFERROR(('Data Input'!S7-'Data Input'!S8)/'Data Input'!S7*100,"") -> 50 | S6: =IFERROR(('Data Input'!V8-'Data Input'!V7)/'Data Input'!V7*100,"") -> 0 | T6: =IFERROR(('Data Input'!V8*1.5-'Data Input'!V7*1.5)/'Data Input'!V7/1.5*100,"") -> 0
A7: ='Data Input'!A9 -> 2026-W17 | B7: =IFERROR(('Data Input'!D9-'Data Input'!D8)/'Data Input'!D8*100,"") -> 26.666667 | C7: =IFERROR(('Data Input'!E8-'Data Input'!E9)/'Data Input'!E8*100,"") -> 20 | D7: =IFERROR(('Data Input'!F9-'Data Input'!F8)/'Data Input'!F8*100,"") -> 19.298246 | E7: =IFERROR(('Data Input'!G8-'Data Input'!G9)/'Data Input'!G8*100,"") -> 100 | F7: =IFERROR(('Data Input'!H9-'Data Input'!H8)/'Data Input'!H8*100,"") -> 3.1914894 | G7: =IFERROR(('Data Input'!I9-'Data Input'!I8)/'Data Input'!I8*100,"") -> 20.588235 | H7: =IFERROR(('Data Input'!J9-'Data Input'!J8)/'Data Input'!J8*100,"") -> 20.512821 | I7: =IFERROR(('Data Input'!K9-'Data Input'!K8)/'Data Input'!K8*100,"") -> -50 | J7: =IFERROR(('Data Input'!L9-'Data Input'!L8)/'Data Input'!L8*100,"") -> 0 | K7: =IFERROR((('Data Input'!K9/'Team Registry'!C3)-('Data Input'!L9/'Team Registry'!D3))/('Data Input'!L9/'Team Registry'!D3)*100,"") -> 133.33333 | L7: =IFERROR(('Data Input'!M8-'Data Input'!M9)/'Data Input'!M8*100,"") -> 100 | M7: =IFERROR(('Data Input'!N8-'Data Input'!N9)/'Data Input'!N8*100,"") -> -33.333333 | N7: =IFERROR(('Data Input'!O9-'Data Input'!O8)/'Data Input'!O8*100,"") -> 16 | O7: =IFERROR(('Data Input'!P9-'Data Input'!P8)/'Data Input'!P8*100,"") -> -15.686275 | P7: =IFERROR(('Data Input'!Q8-'Data Input'!Q9)/'Data Input'!Q8*100,"") -> -7.4074074 | Q7: =IFERROR(('Data Input'!R8-'Data Input'!R9)/'Data Input'!R8*100,"") -> -7.6923077 | R7: =IFERROR(('Data Input'!S8-'Data Input'!S9)/'Data Input'!S8*100,"") -> 100 | S7: =IFERROR(('Data Input'!V9-'Data Input'!V8)/'Data Input'!V8*100,"") -> -100 | T7: =IFERROR(('Data Input'!V9*1.5-'Data Input'!V8*1.5)/'Data Input'!V8/1.5*100,"") -> -100
A8: ='Data Input'!A10 -> 2026-W18 | B8: =IFERROR(('Data Input'!D10-'Data Input'!D9)/'Data Input'!D9*100,"") -> -100 | C8: =IFERROR(('Data Input'!E9-'Data Input'!E10)/'Data Input'!E9*100,"") -> 100 | D8: =IFERROR(('Data Input'!F10-'Data Input'!F9)/'Data Input'!F9*100,"") -> -100 | E8: =IFERROR(('Data Input'!G9-'Data Input'!G10)/'Data Input'!G9*100,"") | F8: =IFERROR(('Data Input'!H10-'Data Input'!H9)/'Data Input'!H9*100,"") -> -100 | G8: =IFERROR(('Data Input'!I10-'Data Input'!I9)/'Data Input'!I9*100,"") -> -100 | H8: =IFERROR(('Data Input'!J10-'Data Input'!J9)/'Data Input'!J9*100,"") -> -100 | I8: =IFERROR(('Data Input'!K10-'Data Input'!K9)/'Data Input'!K9*100,"") -> -100 | J8: =IFERROR(('Data Input'!L10-'Data Input'!L9)/'Data Input'!L9*100,"") -> -100 | K8: =IFERROR((('Data Input'!K10/'Team Registry'!C3)-('Data Input'!L10/'Team Registry'!D3))/('Data Input'!L10/'Team Registry'!D3)*100,"") | L8: =IFERROR(('Data Input'!M9-'Data Input'!M10)/'Data Input'!M9*100,"") | M8: =IFERROR(('Data Input'!N9-'Data Input'!N10)/'Data Input'!N9*100,"") -> 100 | N8: =IFERROR(('Data Input'!O10-'Data Input'!O9)/'Data Input'!O9*100,"") -> -100 | O8: =IFERROR(('Data Input'!P10-'Data Input'!P9)/'Data Input'!P9*100,"") -> -100 | P8: =IFERROR(('Data Input'!Q9-'Data Input'!Q10)/'Data Input'!Q9*100,"") -> 100 | Q8: =IFERROR(('Data Input'!R9-'Data Input'!R10)/'Data Input'!R9*100,"") -> 100 | R8: =IFERROR(('Data Input'!S9-'Data Input'!S10)/'Data Input'!S9*100,"") | S8: =IFERROR(('Data Input'!V10-'Data Input'!V9)/'Data Input'!V9*100,"") | T8: =IFERROR(('Data Input'!V10*1.5-'Data Input'!V9*1.5)/'Data Input'!V9/1.5*100,"")
A9: ='Data Input'!A11 -> 2026-W19 | B9: =IFERROR(('Data Input'!D11-'Data Input'!D10)/'Data Input'!D10*100,"") | C9: =IFERROR(('Data Input'!E10-'Data Input'!E11)/'Data Input'!E10*100,"") | D9: =IFERROR(('Data Input'!F11-'Data Input'!F10)/'Data Input'!F10*100,"") | E9: =IFERROR(('Data Input'!G10-'Data Input'!G11)/'Data Input'!G10*100,"") | F9: =IFERROR(('Data Input'!H11-'Data Input'!H10)/'Data Input'!H10*100,"") | G9: =IFERROR(('Data Input'!I11-'Data Input'!I10)/'Data Input'!I10*100,"") | H9: =IFERROR(('Data Input'!J11-'Data Input'!J10)/'Data Input'!J10*100,"") | I9: =IFERROR(('Data Input'!K11-'Data Input'!K10)/'Data Input'!K10*100,"") | J9: =IFERROR(('Data Input'!L11-'Data Input'!L10)/'Data Input'!L10*100,"") | K9: =IFERROR((('Data Input'!K11/'Team Registry'!C3)-('Data Input'!L11/'Team Registry'!D3))/('Data Input'!L11/'Team Registry'!D3)*100,"") | L9: =IFERROR(('Data Input'!M10-'Data Input'!M11)/'Data Input'!M10*100,"") | M9: =IFERROR(('Data Input'!N10-'Data Input'!N11)/'Data Input'!N10*100,"") | N9: =IFERROR(('Data Input'!O11-'Data Input'!O10)/'Data Input'!O10*100,"") | O9: =IFERROR(('Data Input'!P11-'Data Input'!P10)/'Data Input'!P10*100,"") | P9: =IFERROR(('Data Input'!Q10-'Data Input'!Q11)/'Data Input'!Q10*100,"") | Q9: =IFERROR(('Data Input'!R10-'Data Input'!R11)/'Data Input'!R10*100,"") | R9: =IFERROR(('Data Input'!S10-'Data Input'!S11)/'Data Input'!S10*100,"") | S9: =IFERROR(('Data Input'!V11-'Data Input'!V10)/'Data Input'!V10*100,"") | T9: =IFERROR(('Data Input'!V11*1.5-'Data Input'!V10*1.5)/'Data Input'!V10/1.5*100,"")
A10: ='Data Input'!A12 -> 2026-W20 | B10: =IFERROR(('Data Input'!D12-'Data Input'!D11)/'Data Input'!D11*100,"") | C10: =IFERROR(('Data Input'!E11-'Data Input'!E12)/'Data Input'!E11*100,"") | D10: =IFERROR(('Data Input'!F12-'Data Input'!F11)/'Data Input'!F11*100,"") | E10: =IFERROR(('Data Input'!G11-'Data Input'!G12)/'Data Input'!G11*100,"") | F10: =IFERROR(('Data Input'!H12-'Data Input'!H11)/'Data Input'!H11*100,"") | G10: =IFERROR(('Data Input'!I12-'Data Input'!I11)/'Data Input'!I11*100,"") | H10: =IFERROR(('Data Input'!J12-'Data Input'!J11)/'Data Input'!J11*100,"") | I10: =IFERROR(('Data Input'!K12-'Data Input'!K11)/'Data Input'!K11*100,"") | J10: =IFERROR(('Data Input'!L12-'Data Input'!L11)/'Data Input'!L11*100,"") | K10: =IFERROR((('Data Input'!K12/'Team Registry'!C3)-('Data Input'!L12/'Team Registry'!D3))/('Data Input'!L12/'Team Registry'!D3)*100,"") | L10: =IFERROR(('Data Input'!M11-'Data Input'!M12)/'Data Input'!M11*100,"") | M10: =IFERROR(('Data Input'!N11-'Data Input'!N12)/'Data Input'!N11*100,"") | N10: =IFERROR(('Data Input'!O12-'Data Input'!O11)/'Data Input'!O11*100,"") | O10: =IFERROR(('Data Input'!P12-'Data Input'!P11)/'Data Input'!P11*100,"") | P10: =IFERROR(('Data Input'!Q11-'Data Input'!Q12)/'Data Input'!Q11*100,"") | Q10: =IFERROR(('Data Input'!R11-'Data Input'!R12)/'Data Input'!R11*100,"") | R10: =IFERROR(('Data Input'!S11-'Data Input'!S12)/'Data Input'!S11*100,"") | S10: =IFERROR(('Data Input'!V12-'Data Input'!V11)/'Data Input'!V11*100,"") | T10: =IFERROR(('Data Input'!V12*1.5-'Data Input'!V11*1.5)/'Data Input'!V11/1.5*100,"")
A11: ='Data Input'!A13 -> 2026-W21 | B11: =IFERROR(('Data Input'!D13-'Data Input'!D12)/'Data Input'!D12*100,"") | C11: =IFERROR(('Data Input'!E12-'Data Input'!E13)/'Data Input'!E12*100,"") | D11: =IFERROR(('Data Input'!F13-'Data Input'!F12)/'Data Input'!F12*100,"") | E11: =IFERROR(('Data Input'!G12-'Data Input'!G13)/'Data Input'!G12*100,"") | F11: =IFERROR(('Data Input'!H13-'Data Input'!H12)/'Data Input'!H12*100,"") | G11: =IFERROR(('Data Input'!I13-'Data Input'!I12)/'Data Input'!I12*100,"") | H11: =IFERROR(('Data Input'!J13-'Data Input'!J12)/'Data Input'!J12*100,"") | I11: =IFERROR(('Data Input'!K13-'Data Input'!K12)/'Data Input'!K12*100,"") | J11: =IFERROR(('Data Input'!L13-'Data Input'!L12)/'Data Input'!L12*100,"") | K11: =IFERROR((('Data Input'!K13/'Team Registry'!C3)-('Data Input'!L13/'Team Registry'!D3))/('Data Input'!L13/'Team Registry'!D3)*100,"") | L11: =IFERROR(('Data Input'!M12-'Data Input'!M13)/'Data Input'!M12*100,"") | M11: =IFERROR(('Data Input'!N12-'Data Input'!N13)/'Data Input'!N12*100,"") | N11: =IFERROR(('Data Input'!O13-'Data Input'!O12)/'Data Input'!O12*100,"") | O11: =IFERROR(('Data Input'!P13-'Data Input'!P12)/'Data Input'!P12*100,"") | P11: =IFERROR(('Data Input'!Q12-'Data Input'!Q13)/'Data Input'!Q12*100,"") | Q11: =IFERROR(('Data Input'!R12-'Data Input'!R13)/'Data Input'!R12*100,"") | R11: =IFERROR(('Data Input'!S12-'Data Input'!S13)/'Data Input'!S12*100,"") | S11: =IFERROR(('Data Input'!V13-'Data Input'!V12)/'Data Input'!V12*100,"") | T11: =IFERROR(('Data Input'!V13*1.5-'Data Input'!V12*1.5)/'Data Input'!V12/1.5*100,"")
A12: ='Data Input'!A14 -> 2026-W22 | B12: =IFERROR(('Data Input'!D14-'Data Input'!D13)/'Data Input'!D13*100,"") | C12: =IFERROR(('Data Input'!E13-'Data Input'!E14)/'Data Input'!E13*100,"") | D12: =IFERROR(('Data Input'!F14-'Data Input'!F13)/'Data Input'!F13*100,"") | E12: =IFERROR(('Data Input'!G13-'Data Input'!G14)/'Data Input'!G13*100,"") | F12: =IFERROR(('Data Input'!H14-'Data Input'!H13)/'Data Input'!H13*100,"") | G12: =IFERROR(('Data Input'!I14-'Data Input'!I13)/'Data Input'!I13*100,"") | H12: =IFERROR(('Data Input'!J14-'Data Input'!J13)/'Data Input'!J13*100,"") | I12: =IFERROR(('Data Input'!K14-'Data Input'!K13)/'Data Input'!K13*100,"") | J12: =IFERROR(('Data Input'!L14-'Data Input'!L13)/'Data Input'!L13*100,"") | K12: =IFERROR((('Data Input'!K14/'Team Registry'!C3)-('Data Input'!L14/'Team Registry'!D3))/('Data Input'!L14/'Team Registry'!D3)*100,"") | L12: =IFERROR(('Data Input'!M13-'Data Input'!M14)/'Data Input'!M13*100,"") | M12: =IFERROR(('Data Input'!N13-'Data Input'!N14)/'Data Input'!N13*100,"") | N12: =IFERROR(('Data Input'!O14-'Data Input'!O13)/'Data Input'!O13*100,"") | O12: =IFERROR(('Data Input'!P14-'Data Input'!P13)/'Data Input'!P13*100,"") | P12: =IFERROR(('Data Input'!Q13-'Data Input'!Q14)/'Data Input'!Q13*100,"") | Q12: =IFERROR(('Data Input'!R13-'Data Input'!R14)/'Data Input'!R13*100,"") | R12: =IFERROR(('Data Input'!S13-'Data Input'!S14)/'Data Input'!S13*100,"") | S12: =IFERROR(('Data Input'!V14-'Data Input'!V13)/'Data Input'!V13*100,"") | T12: =IFERROR(('Data Input'!V14*1.5-'Data Input'!V13*1.5)/'Data Input'!V13/1.5*100,"")
A13: ='Data Input'!A15 -> 2026-W23 | B13: =IFERROR(('Data Input'!D15-'Data Input'!D14)/'Data Input'!D14*100,"") | C13: =IFERROR(('Data Input'!E14-'Data Input'!E15)/'Data Input'!E14*100,"") | D13: =IFERROR(('Data Input'!F15-'Data Input'!F14)/'Data Input'!F14*100,"") | E13: =IFERROR(('Data Input'!G14-'Data Input'!G15)/'Data Input'!G14*100,"") | F13: =IFERROR(('Data Input'!H15-'Data Input'!H14)/'Data Input'!H14*100,"") | G13: =IFERROR(('Data Input'!I15-'Data Input'!I14)/'Data Input'!I14*100,"") | H13: =IFERROR(('Data Input'!J15-'Data Input'!J14)/'Data Input'!J14*100,"") | I13: =IFERROR(('Data Input'!K15-'Data Input'!K14)/'Data Input'!K14*100,"") | J13: =IFERROR(('Data Input'!L15-'Data Input'!L14)/'Data Input'!L14*100,"") | K13: =IFERROR((('Data Input'!K15/'Team Registry'!C3)-('Data Input'!L15/'Team Registry'!D3))/('Data Input'!L15/'Team Registry'!D3)*100,"") | L13: =IFERROR(('Data Input'!M14-'Data Input'!M15)/'Data Input'!M14*100,"") | M13: =IFERROR(('Data Input'!N14-'Data Input'!N15)/'Data Input'!N14*100,"") | N13: =IFERROR(('Data Input'!O15-'Data Input'!O14)/'Data Input'!O14*100,"") | O13: =IFERROR(('Data Input'!P15-'Data Input'!P14)/'Data Input'!P14*100,"") | P13: =IFERROR(('Data Input'!Q14-'Data Input'!Q15)/'Data Input'!Q14*100,"") | Q13: =IFERROR(('Data Input'!R14-'Data Input'!R15)/'Data Input'!R14*100,"") | R13: =IFERROR(('Data Input'!S14-'Data Input'!S15)/'Data Input'!S14*100,"") | S13: =IFERROR(('Data Input'!V15-'Data Input'!V14)/'Data Input'!V14*100,"") | T13: =IFERROR(('Data Input'!V15*1.5-'Data Input'!V14*1.5)/'Data Input'!V14/1.5*100,"")
A14: ='Data Input'!A16 -> 2026-W24 | B14: =IFERROR(('Data Input'!D16-'Data Input'!D15)/'Data Input'!D15*100,"") | C14: =IFERROR(('Data Input'!E15-'Data Input'!E16)/'Data Input'!E15*100,"") | D14: =IFERROR(('Data Input'!F16-'Data Input'!F15)/'Data Input'!F15*100,"") | E14: =IFERROR(('Data Input'!G15-'Data Input'!G16)/'Data Input'!G15*100,"") | F14: =IFERROR(('Data Input'!H16-'Data Input'!H15)/'Data Input'!H15*100,"") | G14: =IFERROR(('Data Input'!I16-'Data Input'!I15)/'Data Input'!I15*100,"") | H14: =IFERROR(('Data Input'!J16-'Data Input'!J15)/'Data Input'!J15*100,"") | I14: =IFERROR(('Data Input'!K16-'Data Input'!K15)/'Data Input'!K15*100,"") | J14: =IFERROR(('Data Input'!L16-'Data Input'!L15)/'Data Input'!L15*100,"") | K14: =IFERROR((('Data Input'!K16/'Team Registry'!C3)-('Data Input'!L16/'Team Registry'!D3))/('Data Input'!L16/'Team Registry'!D3)*100,"") | L14: =IFERROR(('Data Input'!M15-'Data Input'!M16)/'Data Input'!M15*100,"") | M14: =IFERROR(('Data Input'!N15-'Data Input'!N16)/'Data Input'!N15*100,"") | N14: =IFERROR(('Data Input'!O16-'Data Input'!O15)/'Data Input'!O15*100,"") | O14: =IFERROR(('Data Input'!P16-'Data Input'!P15)/'Data Input'!P15*100,"") | P14: =IFERROR(('Data Input'!Q15-'Data Input'!Q16)/'Data Input'!Q15*100,"") | Q14: =IFERROR(('Data Input'!R15-'Data Input'!R16)/'Data Input'!R15*100,"") | R14: =IFERROR(('Data Input'!S15-'Data Input'!S16)/'Data Input'!S15*100,"") | S14: =IFERROR(('Data Input'!V16-'Data Input'!V15)/'Data Input'!V15*100,"") | T14: =IFERROR(('Data Input'!V16*1.5-'Data Input'!V15*1.5)/'Data Input'!V15/1.5*100,"")
A15: ='Data Input'!A17 -> 2026-W25 | B15: =IFERROR(('Data Input'!D17-'Data Input'!D16)/'Data Input'!D16*100,"") | C15: =IFERROR(('Data Input'!E16-'Data Input'!E17)/'Data Input'!E16*100,"") | D15: =IFERROR(('Data Input'!F17-'Data Input'!F16)/'Data Input'!F16*100,"") | E15: =IFERROR(('Data Input'!G16-'Data Input'!G17)/'Data Input'!G16*100,"") | F15: =IFERROR(('Data Input'!H17-'Data Input'!H16)/'Data Input'!H16*100,"") | G15: =IFERROR(('Data Input'!I17-'Data Input'!I16)/'Data Input'!I16*100,"") | H15: =IFERROR(('Data Input'!J17-'Data Input'!J16)/'Data Input'!J16*100,"") | I15: =IFERROR(('Data Input'!K17-'Data Input'!K16)/'Data Input'!K16*100,"") | J15: =IFERROR(('Data Input'!L17-'Data Input'!L16)/'Data Input'!L16*100,"") | K15: =IFERROR((('Data Input'!K17/'Team Registry'!C3)-('Data Input'!L17/'Team Registry'!D3))/('Data Input'!L17/'Team Registry'!D3)*100,"") | L15: =IFERROR(('Data Input'!M16-'Data Input'!M17)/'Data Input'!M16*100,"") | M15: =IFERROR(('Data Input'!N16-'Data Input'!N17)/'Data Input'!N16*100,"") | N15: =IFERROR(('Data Input'!O17-'Data Input'!O16)/'Data Input'!O16*100,"") | O15: =IFERROR(('Data Input'!P17-'Data Input'!P16)/'Data Input'!P16*100,"") | P15: =IFERROR(('Data Input'!Q16-'Data Input'!Q17)/'Data Input'!Q16*100,"") | Q15: =IFERROR(('Data Input'!R16-'Data Input'!R17)/'Data Input'!R16*100,"") | R15: =IFERROR(('Data Input'!S16-'Data Input'!S17)/'Data Input'!S16*100,"") | S15: =IFERROR(('Data Input'!V17-'Data Input'!V16)/'Data Input'!V16*100,"") | T15: =IFERROR(('Data Input'!V17*1.5-'Data Input'!V16*1.5)/'Data Input'!V16/1.5*100,"")
A16: ='Data Input'!A18 -> 2026-W26 | B16: =IFERROR(('Data Input'!D18-'Data Input'!D17)/'Data Input'!D17*100,"") | C16: =IFERROR(('Data Input'!E17-'Data Input'!E18)/'Data Input'!E17*100,"") | D16: =IFERROR(('Data Input'!F18-'Data Input'!F17)/'Data Input'!F17*100,"") | E16: =IFERROR(('Data Input'!G17-'Data Input'!G18)/'Data Input'!G17*100,"") | F16: =IFERROR(('Data Input'!H18-'Data Input'!H17)/'Data Input'!H17*100,"") | G16: =IFERROR(('Data Input'!I18-'Data Input'!I17)/'Data Input'!I17*100,"") | H16: =IFERROR(('Data Input'!J18-'Data Input'!J17)/'Data Input'!J17*100,"") | I16: =IFERROR(('Data Input'!K18-'Data Input'!K17)/'Data Input'!K17*100,"") | J16: =IFERROR(('Data Input'!L18-'Data Input'!L17)/'Data Input'!L17*100,"") | K16: =IFERROR((('Data Input'!K18/'Team Registry'!C3)-('Data Input'!L18/'Team Registry'!D3))/('Data Input'!L18/'Team Registry'!D3)*100,"") | L16: =IFERROR(('Data Input'!M17-'Data Input'!M18)/'Data Input'!M17*100,"") | M16: =IFERROR(('Data Input'!N17-'Data Input'!N18)/'Data Input'!N17*100,"") | N16: =IFERROR(('Data Input'!O18-'Data Input'!O17)/'Data Input'!O17*100,"") | O16: =IFERROR(('Data Input'!P18-'Data Input'!P17)/'Data Input'!P17*100,"") | P16: =IFERROR(('Data Input'!Q17-'Data Input'!Q18)/'Data Input'!Q17*100,"") | Q16: =IFERROR(('Data Input'!R17-'Data Input'!R18)/'Data Input'!R17*100,"") | R16: =IFERROR(('Data Input'!S17-'Data Input'!S18)/'Data Input'!S17*100,"") | S16: =IFERROR(('Data Input'!V18-'Data Input'!V17)/'Data Input'!V17*100,"") | T16: =IFERROR(('Data Input'!V18*1.5-'Data Input'!V17*1.5)/'Data Input'!V17/1.5*100,"")
A17: ='Data Input'!A19 -> 2026-W27 | B17: =IFERROR(('Data Input'!D19-'Data Input'!D18)/'Data Input'!D18*100,"") | C17: =IFERROR(('Data Input'!E18-'Data Input'!E19)/'Data Input'!E18*100,"") | D17: =IFERROR(('Data Input'!F19-'Data Input'!F18)/'Data Input'!F18*100,"") | E17: =IFERROR(('Data Input'!G18-'Data Input'!G19)/'Data Input'!G18*100,"") | F17: =IFERROR(('Data Input'!H19-'Data Input'!H18)/'Data Input'!H18*100,"") | G17: =IFERROR(('Data Input'!I19-'Data Input'!I18)/'Data Input'!I18*100,"") | H17: =IFERROR(('Data Input'!J19-'Data Input'!J18)/'Data Input'!J18*100,"") | I17: =IFERROR(('Data Input'!K19-'Data Input'!K18)/'Data Input'!K18*100,"") | J17: =IFERROR(('Data Input'!L19-'Data Input'!L18)/'Data Input'!L18*100,"") | K17: =IFERROR((('Data Input'!K19/'Team Registry'!C3)-('Data Input'!L19/'Team Registry'!D3))/('Data Input'!L19/'Team Registry'!D3)*100,"") | L17: =IFERROR(('Data Input'!M18-'Data Input'!M19)/'Data Input'!M18*100,"") | M17: =IFERROR(('Data Input'!N18-'Data Input'!N19)/'Data Input'!N18*100,"") | N17: =IFERROR(('Data Input'!O19-'Data Input'!O18)/'Data Input'!O18*100,"") | O17: =IFERROR(('Data Input'!P19-'Data Input'!P18)/'Data Input'!P18*100,"") | P17: =IFERROR(('Data Input'!Q18-'Data Input'!Q19)/'Data Input'!Q18*100,"") | Q17: =IFERROR(('Data Input'!R18-'Data Input'!R19)/'Data Input'!R18*100,"") | R17: =IFERROR(('Data Input'!S18-'Data Input'!S19)/'Data Input'!S18*100,"") | S17: =IFERROR(('Data Input'!V19-'Data Input'!V18)/'Data Input'!V18*100,"") | T17: =IFERROR(('Data Input'!V19*1.5-'Data Input'!V18*1.5)/'Data Input'!V18/1.5*100,"")
A18: ='Data Input'!A20 -> 2026-W28 | B18: =IFERROR(('Data Input'!D20-'Data Input'!D19)/'Data Input'!D19*100,"") | C18: =IFERROR(('Data Input'!E19-'Data Input'!E20)/'Data Input'!E19*100,"") | D18: =IFERROR(('Data Input'!F20-'Data Input'!F19)/'Data Input'!F19*100,"") | E18: =IFERROR(('Data Input'!G19-'Data Input'!G20)/'Data Input'!G19*100,"") | F18: =IFERROR(('Data Input'!H20-'Data Input'!H19)/'Data Input'!H19*100,"") | G18: =IFERROR(('Data Input'!I20-'Data Input'!I19)/'Data Input'!I19*100,"") | H18: =IFERROR(('Data Input'!J20-'Data Input'!J19)/'Data Input'!J19*100,"") | I18: =IFERROR(('Data Input'!K20-'Data Input'!K19)/'Data Input'!K19*100,"") | J18: =IFERROR(('Data Input'!L20-'Data Input'!L19)/'Data Input'!L19*100,"") | K18: =IFERROR((('Data Input'!K20/'Team Registry'!C3)-('Data Input'!L20/'Team Registry'!D3))/('Data Input'!L20/'Team Registry'!D3)*100,"") | L18: =IFERROR(('Data Input'!M19-'Data Input'!M20)/'Data Input'!M19*100,"") | M18: =IFERROR(('Data Input'!N19-'Data Input'!N20)/'Data Input'!N19*100,"") | N18: =IFERROR(('Data Input'!O20-'Data Input'!O19)/'Data Input'!O19*100,"") | O18: =IFERROR(('Data Input'!P20-'Data Input'!P19)/'Data Input'!P19*100,"") | P18: =IFERROR(('Data Input'!Q19-'Data Input'!Q20)/'Data Input'!Q19*100,"") | Q18: =IFERROR(('Data Input'!R19-'Data Input'!R20)/'Data Input'!R19*100,"") | R18: =IFERROR(('Data Input'!S19-'Data Input'!S20)/'Data Input'!S19*100,"") | S18: =IFERROR(('Data Input'!V20-'Data Input'!V19)/'Data Input'!V19*100,"") | T18: =IFERROR(('Data Input'!V20*1.5-'Data Input'!V19*1.5)/'Data Input'!V19/1.5*100,"")
A19: ='Data Input'!A21 -> 2026-W29 | B19: =IFERROR(('Data Input'!D21-'Data Input'!D20)/'Data Input'!D20*100,"") | C19: =IFERROR(('Data Input'!E20-'Data Input'!E21)/'Data Input'!E20*100,"") | D19: =IFERROR(('Data Input'!F21-'Data Input'!F20)/'Data Input'!F20*100,"") | E19: =IFERROR(('Data Input'!G20-'Data Input'!G21)/'Data Input'!G20*100,"") | F19: =IFERROR(('Data Input'!H21-'Data Input'!H20)/'Data Input'!H20*100,"") | G19: =IFERROR(('Data Input'!I21-'Data Input'!I20)/'Data Input'!I20*100,"") | H19: =IFERROR(('Data Input'!J21-'Data Input'!J20)/'Data Input'!J20*100,"") | I19: =IFERROR(('Data Input'!K21-'Data Input'!K20)/'Data Input'!K20*100,"") | J19: =IFERROR(('Data Input'!L21-'Data Input'!L20)/'Data Input'!L20*100,"") | K19: =IFERROR((('Data Input'!K21/'Team Registry'!C3)-('Data Input'!L21/'Team Registry'!D3))/('Data Input'!L21/'Team Registry'!D3)*100,"") | L19: =IFERROR(('Data Input'!M20-'Data Input'!M21)/'Data Input'!M20*100,"") | M19: =IFERROR(('Data Input'!N20-'Data Input'!N21)/'Data Input'!N20*100,"") | N19: =IFERROR(('Data Input'!O21-'Data Input'!O20)/'Data Input'!O20*100,"") | O19: =IFERROR(('Data Input'!P21-'Data Input'!P20)/'Data Input'!P20*100,"") | P19: =IFERROR(('Data Input'!Q20-'Data Input'!Q21)/'Data Input'!Q20*100,"") | Q19: =IFERROR(('Data Input'!R20-'Data Input'!R21)/'Data Input'!R20*100,"") | R19: =IFERROR(('Data Input'!S20-'Data Input'!S21)/'Data Input'!S20*100,"") | S19: =IFERROR(('Data Input'!V21-'Data Input'!V20)/'Data Input'!V20*100,"") | T19: =IFERROR(('Data Input'!V21*1.5-'Data Input'!V20*1.5)/'Data Input'!V20/1.5*100,"")
A20: ='Data Input'!A22 -> 2026-W30 | B20: =IFERROR(('Data Input'!D22-'Data Input'!D21)/'Data Input'!D21*100,"") | C20: =IFERROR(('Data Input'!E21-'Data Input'!E22)/'Data Input'!E21*100,"") | D20: =IFERROR(('Data Input'!F22-'Data Input'!F21)/'Data Input'!F21*100,"") | E20: =IFERROR(('Data Input'!G21-'Data Input'!G22)/'Data Input'!G21*100,"") | F20: =IFERROR(('Data Input'!H22-'Data Input'!H21)/'Data Input'!H21*100,"") | G20: =IFERROR(('Data Input'!I22-'Data Input'!I21)/'Data Input'!I21*100,"") | H20: =IFERROR(('Data Input'!J22-'Data Input'!J21)/'Data Input'!J21*100,"") | I20: =IFERROR(('Data Input'!K22-'Data Input'!K21)/'Data Input'!K21*100,"") | J20: =IFERROR(('Data Input'!L22-'Data Input'!L21)/'Data Input'!L21*100,"") | K20: =IFERROR((('Data Input'!K22/'Team Registry'!C3)-('Data Input'!L22/'Team Registry'!D3))/('Data Input'!L22/'Team Registry'!D3)*100,"") | L20: =IFERROR(('Data Input'!M21-'Data Input'!M22)/'Data Input'!M21*100,"") | M20: =IFERROR(('Data Input'!N21-'Data Input'!N22)/'Data Input'!N21*100,"") | N20: =IFERROR(('Data Input'!O22-'Data Input'!O21)/'Data Input'!O21*100,"") | O20: =IFERROR(('Data Input'!P22-'Data Input'!P21)/'Data Input'!P21*100,"") | P20: =IFERROR(('Data Input'!Q21-'Data Input'!Q22)/'Data Input'!Q21*100,"") | Q20: =IFERROR(('Data Input'!R21-'Data Input'!R22)/'Data Input'!R21*100,"") | R20: =IFERROR(('Data Input'!S21-'Data Input'!S22)/'Data Input'!S21*100,"") | S20: =IFERROR(('Data Input'!V22-'Data Input'!V21)/'Data Input'!V21*100,"") | T20: =IFERROR(('Data Input'!V22*1.5-'Data Input'!V21*1.5)/'Data Input'!V21/1.5*100,"")
A21: ='Data Input'!A23 -> 2026-W31 | B21: =IFERROR(('Data Input'!D23-'Data Input'!D22)/'Data Input'!D22*100,"") | C21: =IFERROR(('Data Input'!E22-'Data Input'!E23)/'Data Input'!E22*100,"") | D21: =IFERROR(('Data Input'!F23-'Data Input'!F22)/'Data Input'!F22*100,"") | E21: =IFERROR(('Data Input'!G22-'Data Input'!G23)/'Data Input'!G22*100,"") | F21: =IFERROR(('Data Input'!H23-'Data Input'!H22)/'Data Input'!H22*100,"") | G21: =IFERROR(('Data Input'!I23-'Data Input'!I22)/'Data Input'!I22*100,"") | H21: =IFERROR(('Data Input'!J23-'Data Input'!J22)/'Data Input'!J22*100,"") | I21: =IFERROR(('Data Input'!K23-'Data Input'!K22)/'Data Input'!K22*100,"") | J21: =IFERROR(('Data Input'!L23-'Data Input'!L22)/'Data Input'!L22*100,"") | K21: =IFERROR((('Data Input'!K23/'Team Registry'!C3)-('Data Input'!L23/'Team Registry'!D3))/('Data Input'!L23/'Team Registry'!D3)*100,"") | L21: =IFERROR(('Data Input'!M22-'Data Input'!M23)/'Data Input'!M22*100,"") | M21: =IFERROR(('Data Input'!N22-'Data Input'!N23)/'Data Input'!N22*100,"") | N21: =IFERROR(('Data Input'!O23-'Data Input'!O22)/'Data Input'!O22*100,"") | O21: =IFERROR(('Data Input'!P23-'Data Input'!P22)/'Data Input'!P22*100,"") | P21: =IFERROR(('Data Input'!Q22-'Data Input'!Q23)/'Data Input'!Q22*100,"") | Q21: =IFERROR(('Data Input'!R22-'Data Input'!R23)/'Data Input'!R22*100,"") | R21: =IFERROR(('Data Input'!S22-'Data Input'!S23)/'Data Input'!S22*100,"") | S21: =IFERROR(('Data Input'!V23-'Data Input'!V22)/'Data Input'!V22*100,"") | T21: =IFERROR(('Data Input'!V23*1.5-'Data Input'!V22*1.5)/'Data Input'!V22/1.5*100,"")
A22: ='Data Input'!A24 -> 2026-W32 | B22: =IFERROR(('Data Input'!D24-'Data Input'!D23)/'Data Input'!D23*100,"") | C22: =IFERROR(('Data Input'!E23-'Data Input'!E24)/'Data Input'!E23*100,"") | D22: =IFERROR(('Data Input'!F24-'Data Input'!F23)/'Data Input'!F23*100,"") | E22: =IFERROR(('Data Input'!G23-'Data Input'!G24)/'Data Input'!G23*100,"") | F22: =IFERROR(('Data Input'!H24-'Data Input'!H23)/'Data Input'!H23*100,"") | G22: =IFERROR(('Data Input'!I24-'Data Input'!I23)/'Data Input'!I23*100,"") | H22: =IFERROR(('Data Input'!J24-'Data Input'!J23)/'Data Input'!J23*100,"") | I22: =IFERROR(('Data Input'!K24-'Data Input'!K23)/'Data Input'!K23*100,"") | J22: =IFERROR(('Data Input'!L24-'Data Input'!L23)/'Data Input'!L23*100,"") | K22: =IFERROR((('Data Input'!K24/'Team Registry'!C3)-('Data Input'!L24/'Team Registry'!D3))/('Data Input'!L24/'Team Registry'!D3)*100,"") | L22: =IFERROR(('Data Input'!M23-'Data Input'!M24)/'Data Input'!M23*100,"") | M22: =IFERROR(('Data Input'!N23-'Data Input'!N24)/'Data Input'!N23*100,"") | N22: =IFERROR(('Data Input'!O24-'Data Input'!O23)/'Data Input'!O23*100,"") | O22: =IFERROR(('Data Input'!P24-'Data Input'!P23)/'Data Input'!P23*100,"") | P22: =IFERROR(('Data Input'!Q23-'Data Input'!Q24)/'Data Input'!Q23*100,"") | Q22: =IFERROR(('Data Input'!R23-'Data Input'!R24)/'Data Input'!R23*100,"") | R22: =IFERROR(('Data Input'!S23-'Data Input'!S24)/'Data Input'!S23*100,"") | S22: =IFERROR(('Data Input'!V24-'Data Input'!V23)/'Data Input'!V23*100,"") | T22: =IFERROR(('Data Input'!V24*1.5-'Data Input'!V23*1.5)/'Data Input'!V23/1.5*100,"")
A23: ='Data Input'!A25 -> 2026-W33 | B23: =IFERROR(('Data Input'!D25-'Data Input'!D24)/'Data Input'!D24*100,"") | C23: =IFERROR(('Data Input'!E24-'Data Input'!E25)/'Data Input'!E24*100,"") | D23: =IFERROR(('Data Input'!F25-'Data Input'!F24)/'Data Input'!F24*100,"") | E23: =IFERROR(('Data Input'!G24-'Data Input'!G25)/'Data Input'!G24*100,"") | F23: =IFERROR(('Data Input'!H25-'Data Input'!H24)/'Data Input'!H24*100,"") | G23: =IFERROR(('Data Input'!I25-'Data Input'!I24)/'Data Input'!I24*100,"") | H23: =IFERROR(('Data Input'!J25-'Data Input'!J24)/'Data Input'!J24*100,"") | I23: =IFERROR(('Data Input'!K25-'Data Input'!K24)/'Data Input'!K24*100,"") | J23: =IFERROR(('Data Input'!L25-'Data Input'!L24)/'Data Input'!L24*100,"") | K23: =IFERROR((('Data Input'!K25/'Team Registry'!C3)-('Data Input'!L25/'Team Registry'!D3))/('Data Input'!L25/'Team Registry'!D3)*100,"") | L23: =IFERROR(('Data Input'!M24-'Data Input'!M25)/'Data Input'!M24*100,"") | M23: =IFERROR(('Data Input'!N24-'Data Input'!N25)/'Data Input'!N24*100,"") | N23: =IFERROR(('Data Input'!O25-'Data Input'!O24)/'Data Input'!O24*100,"") | O23: =IFERROR(('Data Input'!P25-'Data Input'!P24)/'Data Input'!P24*100,"") | P23: =IFERROR(('Data Input'!Q24-'Data Input'!Q25)/'Data Input'!Q24*100,"") | Q23: =IFERROR(('Data Input'!R24-'Data Input'!R25)/'Data Input'!R24*100,"") | R23: =IFERROR(('Data Input'!S24-'Data Input'!S25)/'Data Input'!S24*100,"") | S23: =IFERROR(('Data Input'!V25-'Data Input'!V24)/'Data Input'!V24*100,"") | T23: =IFERROR(('Data Input'!V25*1.5-'Data Input'!V24*1.5)/'Data Input'!V24/1.5*100,"")

Sheet Dashboard
A1: SDLC Agent Productivity Dashboard · Auto-updates from Data Input | AB1: =COUNTA('Data Input'!A6:A25)+5 -> 25
A2: KPI TILES · Latest week vs prior week · ★ = key metric · Green = improvement · Red = regression | AB2: =AB1-1 -> 24
A3: ★ Invocations | D3: Story Pts (All) | G3: Tasks Completed | J3: PRs Merged | M3: Line Coverage % | P3: Bugs Created | S3: Code Smells | V3: Vulnerabilities | AB3: ='Team Registry'!C3 -> 3
A4: =INDIRECT("'Data Input'!V"&Dashboard!AB1) -> 0 | D4: =INDIRECT("'Data Input'!J"&Dashboard!AB1) -> 0 | G4: =INDIRECT("'Data Input'!I"&Dashboard!AB1) -> 0 | J4: =INDIRECT("'Data Input'!D"&Dashboard!AB1) -> 0 | M4: =INDIRECT("'Data Input'!O"&Dashboard!AB1) -> 0 | P4: =INDIRECT("'Data Input'!M"&Dashboard!AB1) -> 0 | S4: =INDIRECT("'Data Input'!S"&Dashboard!AB1) -> 0 | V4: =INDIRECT("'Data Input'!R"&Dashboard!AB1) -> 0 | AB4: ='Team Registry'!D3 -> 7
A5: =IFERROR((INDIRECT("'Data Input'!V"&Dashboard!AB1)-INDIRECT("'Data Input'!V"&Dashboard!AB2))/INDIRECT("'Data Input'!V"&Dashboard!AB2)*100,"") | D5: =IFERROR((INDIRECT("'Data Input'!J"&Dashboard!AB1)-INDIRECT("'Data Input'!J"&Dashboard!AB2))/INDIRECT("'Data Input'!J"&Dashboard!AB2)*100,"") | G5: =IFERROR((INDIRECT("'Data Input'!I"&Dashboard!AB1)-INDIRECT("'Data Input'!I"&Dashboard!AB2))/INDIRECT("'Data Input'!I"&Dashboard!AB2)*100,"") | J5: =IFERROR((INDIRECT("'Data Input'!D"&Dashboard!AB1)-INDIRECT("'Data Input'!D"&Dashboard!AB2))/INDIRECT("'Data Input'!D"&Dashboard!AB2)*100,"") | M5: =IFERROR((INDIRECT("'Data Input'!O"&Dashboard!AB1)-INDIRECT("'Data Input'!O"&Dashboard!AB2))/INDIRECT("'Data Input'!O"&Dashboard!AB2)*100,"") | P5: =IFERROR((INDIRECT("'Data Input'!M"&Dashboard!AB2)-INDIRECT("'Data Input'!M"&Dashboard!AB1))/INDIRECT("'Data Input'!M"&Dashboard!AB2)*100,"") | S5: =IFERROR((INDIRECT("'Data Input'!S"&Dashboard!AB2)-INDIRECT("'Data Input'!S"&Dashboard!AB1))/INDIRECT("'Data Input'!S"&Dashboard!AB2)*100,"") | V5: =IFERROR((INDIRECT("'Data Input'!R"&Dashboard!AB2)-INDIRECT("'Data Input'!R"&Dashboard!AB1))/INDIRECT("'Data Input'!R"&Dashboard!AB2)*100,"")
A6: ★ PRODUCTIVITY LIFT — Agent Users vs Non-Users (per person per week)
A7: Avg SP / Person Agent Users | G7: Avg SP / Person Non-Users | M7: ★ Productivity Lift % | S7: Agent Users vs Team Size
A8: =IFERROR(INDIRECT("'Data Input'!K"&Dashboard!AB1)/Dashboard!AB3,"") -> 0 | G8: =IFERROR(INDIRECT("'Data Input'!L"&Dashboard!AB1)/Dashboard!AB4,"") -> 0 | M8: =IFERROR((INDIRECT("'Data Input'!K"&Dashboard!AB1)/Dashboard!AB3-INDIRECT("'Data Input'!L"&Dashboard!AB1)/Dashboard!AB4)/(INDIRECT("'Data Input'!L"&Dashboard!AB1)/Dashboard!AB4)*100,"") | S8: =IFERROR(TEXT(Dashboard!AB3,"0")&" of "&TEXT('Team Registry'!B3,"0")&" devs","") -> 3 of 10 devs
